Workbook

Sheet INVENTARIO GASOLINA
B1: Ano | C1: FROTA GASOLINA | D1: QTE DE VEÍCULOS POR ANO DE FABRICAÇÃO | E1: INTENSIDADE DE USO (KM/ANO) | F1: KM TOTAIS/ANO | G1: Litros/km | H1: CO2 (g/km) | I1: CO2 Fase de Uso (ton) | J1: SIMULAÇÃO litros totais | K1: Ciclo de vida Well-to-tank (Cleber Lorenzi, 2009) (Weiss, 2000) | L1: Percentual de Etanol na Gasolina | M1: Poder Calorífico da Gasolina (MJ/kg) | N1: Densidade da Gasolina (kg/l) | O1: Percentual de Venda de Etanol
A2: =2024-B2 -> 42 | B2: 1982 | C2: 2159413 | D2: 69338 | E2: =15917*A2^(-0.133) -> 9682.0888 | F2: =D2*E2 -> 6.7133667e+08 | G2: 0.090334237 | H2: 196.66983 | I2: =0.000001*H2*F2*(1-$L$2)*(1-$O$2) -> 68326.388 | J2: =G2*F2*(1-$L$2)*(1-$O$2) -> 31383625 | K2: =18*$M$2*(1-$L$2)*$N$2*J2*0.000001 -> 13155.231 | L2: 0.31 | M2: 45 | N2: 0.75 | O2: 0.25
A3: =2024-B3 -> 41 | B3: 1983 | C3: 2159413 | D3: 10498 | E3: =15917*A3^(-0.133) -> 9713.1694 | F3: =D3*E3 -> 1.0196885e+08 | G3: 0.090334237 | H3: 196.66983 | I3: =0.000001*H3*F3*(1-$L$2)*(1-O3) -> 13837.396 | J3: =G3*F3*(1-$L$2)*(1-$O$2) -> 4766836.6 | K3: =18*$M$2*(1-$L$2)*$N$2*J3*0.000001 -> 1998.1387
A4: =2024-B4 -> 40 | B4: 1984 | C4: 2159413 | D4: 8707 | E4: =15917*A4^(-0.133) -> 9745.121 | F4: =D4*E4 -> 84850769 | G4: 0.090334237 | H4: 196.66983 | I4: =0.000001*H4*F4*(1-$L$2)*(1-O4) -> 11514.434 | J4: =G4*F4*(1-$L$2)*(1-$O$2) -> 3966601 | K4: =18*$M$2*(1-$L$2)*$N$2*J4*0.000001 -> 1662.7
A5: =2024-B5 -> 39 | B5: 1985 | C5: 2159413 | D5: 8113 | E5: =15917*A5^(-0.133) -> 9777.9908 | F5: =D5*E5 -> 79328839 | G5: 0.090334237 | H5: 196.66983 | I5: =0.000001*H5*F5*(1-$L$2)*(1-O5) -> 10765.097 | J5: =G5*F5*(1-$L$2)*(1-$O$2) -> 3708462 | K5: =18*$M$2*(1-$L$2)*$N$2*J5*0.000001 -> 1554.4946
A6: =2024-B6 -> 38 | B6: 1986 | C6: 2159413 | D6: 12968 | E6: =15917*A6^(-0.133) -> 9811.8296 | F6: =D6*E6 -> 1.2723981e+08 | G6: 0.090334237 | H6: 196.66983 | I6: =0.000001*H6*F6*(1-$L$2)*(1-O6) -> 17266.719 | J6: =G6*F6*(1-$L$2)*(1-$O$2) -> 5948202.3 | K6: =18*$M$2*(1-$L$2)*$N$2*J6*0.000001 -> 2493.3377
A7: =2024-B7 -> 37 | B7: 1987 | C7: 2159413 | D7: 7911 | E7: =15917*A7^(-0.133) -> 9846.6928 | F7: =D7*E7 -> 77897186 | G7: 0.090334237 | H7: 196.66983 | I7: =0.000001*H7*F7*(1-$L$2)*(1-O7) -> 10570.818 | J7: =G7*F7*(1-$L$2)*(1-$O$2) -> 3641535.1 | K7: =18*$M$2*(1-$L$2)*$N$2*J7*0.000001 -> 1526.4405
A8: =2024-B8 -> 36 | B8: 1988 | C8: 2159413 | D8: 9191 | E8: =15917*A8^(-0.133) -> 9882.6402 | F8: =D8*E8 -> 90831346 | G8: 0.090334237 | H8: 196.66983 | I8: =0.000001*H8*F8*(1-$L$2)*(1-O8) -> 12326.012 | J8: =G8*F8*(1-$L$2)*(1-$O$2) -> 4246180.8 | K8: =18*$M$2*(1-$L$2)*$N$2*J8*0.000001 -> 1779.8928
A9: =2024-B9 -> 35 | B9: 1989 | C9: 2159413 | D9: 11914 | E9: =15917*A9^(-0.133) -> 9919.7372 | F9: =D9*E9 -> 1.1818375e+08 | G9: 0.090334237 | H9: 196.66983 | I9: =0.000001*H9*F9*(1-$L$2)*(1-O9) -> 16037.793 | J9: =G9*F9*(1-$L$2)*(1-$O$2) -> 5524850.1 | K9: =18*$M$2*(1-$L$2)*$N$2*J9*0.000001 -> 2315.879
A10: =2024-B10 -> 34 | B10: 1990 | C10: 2159413 | D10: 11719 | E10: =15917*A10^(-0.133) -> 9958.055 | F10: =D10*E10 -> 1.1669845e+08 | G10: 0.084602369 | H10: 184.85702 | I10: =0.000001*H10*F10*(1-$L$2)*(1-O10) -> 14885.044 | J10: =G10*F10*(1-$L$2)*(1-$O$2) -> 5109259.4 | K10: =18*$M$2*(1-$L$2)*$N$2*J10*0.000001 -> 2141.6738
A11: =2024-B11 -> 33 | B11: 1991 | C11: 2159413 | D11: 11560 | E11: =15917*A11^(-0.133) -> 9997.6715 | F11: =D11*E11 -> 1.1557308e+08 | G11: 0.084602369 | H11: 184.85702 | I11: =0.000001*H11*F11*(1-$L$2)*(1-O11) -> 14741.502 | J11: =G11*F11*(1-$L$2)*(1-$O$2) -> 5059989 | K11: =18*$M$2*(1-$L$2)*$N$2*J11*0.000001 -> 2121.0209
A12: =2024-B12 -> 32 | B12: 1992 | C12: 2159413 | D12: 10376 | E12: =15917*A12^(-0.133) -> 10038.672 | F12: =D12*E12 -> 1.0416126e+08 | G12: 0.091074681 | H12: 198.19581 | I12: =0.000001*H12*F12*(1-$L$2)*(1-O12) -> 14244.585 | J12: =G12*F12*(1-$L$2)*(1-$O$2) -> 4909239.8 | K12: =18*$M$2*(1-$L$2)*$N$2*J12*0.000001 -> 2057.8306
A13: =2024-B13 -> 31 | B13: 1993 | C13: 2159413 | D13: 15694 | E13: =15917*A13^(-0.133) -> 10081.151 | F13: =D13*E13 -> 1.5821358e+08 | G13: 0.091074681 | H13: 198.19581 | I13: =0.000001*H13*F13*(1-$L$2)*(1-O13) -> 21636.516 | J13: =G13*F13*(1-$L$2)*(1-$O$2) -> 7456787.6 | K13: =18*$M$2*(1-$L$2)*$N$2*J13*0.000001 -> 3125.6989
A14: =2024-B14 -> 30 | B14: 1994 | C14: 2159413 | D14: 20900 | E14: =15917*A14^(-0.133) -> 10125.211 | F14: =D14*E14 -> 2.1161691e+08 | G14: 0.099601594 | H14: 215.76892 | I14: =0.000001*H14*F14*(1-$L$2)*(1-O14) -> 31505.644 | J14: =G14*F14*(1-$L$2)*(1-$O$2) -> 10907545 | K14: =18*$M$2*(1-$L$2)*$N$2*J14*0.000001 -> 4572.1702
... A43: =2024-B43 -> 1 | B43: 2023 | C43: 2159413 | D43: 116878 | E43: =15917*A43^(-0.133) -> 15917 | F43: =D43*E43 -> 1860347126 | G43: 0.068540565 | H43: 151.75525 | I43: =0.000001*H43*F43*(1-$L$2)*(1-O43) -> 194799.04 | J43: =G43*F43*(1-$L$2)*(1-$O$2) -> 65986034 | K43: =18*$M$2*(1-$L$2)*$N$2*J43*0.000001 -> 27659.696
A44: =2024-B44 -> 0 | B44: 2024 | C44: 2159413 | D44: 103454 | E44: 16000 | F44: =D44*E44 -> 1655264000 | G44: 0.068289249 | H44: 151.23731 | I44: =0.000001*H44*F44*(1-$L$2)*(1-O44) -> 172733 | J44: =G44*F44*(1-$L$2)*(1-$O$2) -> 58496511 | K44: =18*$M$2*(1-$L$2)*$N$2*J44*0.000001 -> 24520.275
I45: =SUM(I2:I44) -> 3078240.9 | J45: =SUM(J2:J44) -> 1.0598479e+09 | K45: =18*$M$2*(1-$L$2)*$N$2*J45*0.000001 -> 444261.72 | L45: =I45+K45 -> 3522502.7

Sheet INVENTARIO ETANOL
B1: Ano | C1: FROTA GASOLINA | D1: QTE DE VEÍCULOS POR ANO DE FABRICAÇÃO | E1: INTENSIDADE DE USO (KM/ANO) | F1: KM TOTAIS/ANO | G1: Litros/km | H1: CO2 (g/km) | I1: CO2 Fase de Uso (ton) | J1: SIMULAÇÃO litros totais | K1: Ciclo de vida Well-to-tank (Cleber Lorenzi, 2009) (Weiss, 2000) | L1: Percentual de Etanol na Gasolina | M1: Poder Calorífico da Gasolina (MJ/kg) | N1: Densidade da Gasolina (kg/l) | O1: Percentual de Venda de Etanol
A2: =2024-B2 -> 42 | B2: 1982 | C2: 2159413 | D2: 69338 | E2: =15917*A2^(-0.133) -> 9682.0888 | F2: =D2*E2 -> 6.7133667e+08 | G2: 0.14084507 | H2: 0 | I2: =0.000001*H2*F2*($L$2)*($O$2) -> 0 | J2: =G2*F2*($L$2)*($O$2) -> 7327970.7 | K2: =(2.269+0.227)*J2/(80*85) -> 2689.7963 | L2: 0.31 | M2: 45 | N2: 0.75 | O2: 0.25
A3: =2024-B3 -> 41 | B3: 1983 | C3: 2159413 | D3: 10498 | E3: =15917*A3^(-0.133) -> 9713.1694 | F3: =D3*E3 -> 1.0196885e+08 | G3: 0.12658228 | H3: 0 | I3: =0.000001*H3*F3*($L$2)*($O$2) -> 0 | J3: =G3*F3*($L$2)*($O$2) -> 1000327.3 | K3: =(2.269+0.227)*J3/(80*85) -> 367.17898
A4: =2024-B4 -> 40 | B4: 1984 | C4: 2159413 | D4: 8707 | E4: =15917*A4^(-0.133) -> 9745.121 | F4: =D4*E4 -> 84850769 | G4: 0.12121212 | H4: 0 | I4: =0.000001*H4*F4*($L$2)*($O$2) -> 0 | J4: =G4*F4*($L$2)*($O$2) -> 797082.98 | K4: =(2.269+0.227)*J4/(80*85) -> 292.57634
A5: =2024-B5 -> 39 | B5: 1985 | C5: 2159413 | D5: 8113 | E5: =15917*A5^(-0.133) -> 9777.9908 | F5: =D5*E5 -> 79328839 | G5: 0.11709602 | H5: 0 | I5: =0.000001*H5*F5*($L$2)*($O$2) -> 0 | J5: =G5*F5*($L$2)*($O$2) -> 719904.57 | K5: =(2.269+0.227)*J5/(80*85) -> 264.24733
A6: =2024-B6 -> 38 | B6: 1986 | C6: 2159413 | D6: 12968 | E6: =15917*A6^(-0.133) -> 9811.8296 | F6: =D6*E6 -> 1.2723981e+08 | G6: 0.11820331 | H6: 0 | I6: =0.000001*H6*F6*($L$2)*($O$2) -> 0 | J6: =G6*F6*($L$2)*($O$2) -> 1165612.9 | K6: =(2.269+0.227)*J6/(80*85) -> 427.84849
A7: =2024-B7 -> 37 | B7: 1987 | C7: 2159413 | D7: 7911 | E7: =15917*A7^(-0.133) -> 9846.6928 | F7: =D7*E7 -> 77897186 | G7: 0.11737089 | H7: 0 | I7: =0.000001*H7*F7*($L$2)*($O$2) -> 0 | J7: =G7*F7*($L$2)*($O$2) -> 708571.82 | K7: =(2.269+0.227)*J7/(80*85) -> 260.08754
A8: =2024-B8 -> 36 | B8: 1988 | C8: 2159413 | D8: 9191 | E8: =15917*A8^(-0.133) -> 9882.6402 | F8: =D8*E8 -> 90831346 | G8: 0.11655012 | H8: 0 | I8: =0.000001*H8*F8*($L$2)*($O$2) -> 0 | J8: =G8*F8*($L$2)*($O$2) -> 820446.31 | K8: =(2.269+0.227)*J8/(80*85) -> 301.15206
A9: =2024-B9 -> 35 | B9: 1989 | C9: 2159413 | D9: 11914 | E9: =15917*A9^(-0.133) -> 9919.7372 | F9: =D9*E9 -> 1.1818375e+08 | G9: 0.11560694 | H9: 0 | I9: =0.000001*H9*F9*($L$2)*($O$2) -> 0 | J9: =G9*F9*($L$2)*($O$2) -> 1058871.7 | K9: =(2.269+0.227)*J9/(80*85) -> 388.66821
A10: =2024-B10 -> 34 | B10: 1990 | C10: 2159413 | D10: 11719 | E10: =15917*A10^(-0.133) -> 9958.055 | F10: =D10*E10 -> 1.1669845e+08 | G10: 0.11560694 | H10: 0 | I10: =0.000001*H10*F10*($L$2)*($O$2) -> 0 | J10: =G10*F10*($L$2)*($O$2) -> 1045564.1 | K10: =(2.269+0.227)*J10/(80*85) -> 383.78353
A11: =2024-B11 -> 33 | B11: 1991 | C11: 2159413 | D11: 11560 | E11: =15917*A11^(-0.133) -> 9997.6715 | F11: =D11*E11 -> 1.1557308e+08 | G11: 0.11560694 | H11: 0 | I11: =0.000001*H11*F11*($L$2)*($O$2) -> 0 | J11: =G11*F11*($L$2)*($O$2) -> 1035481.4 | K11: =(2.269+0.227)*J11/(80*85) -> 380.08258
A12: =2024-B12 -> 32 | B12: 1992 | C12: 2159413 | D12: 10376 | E12: =15917*A12^(-0.133) -> 10038.672 | F12: =D12*E12 -> 1.0416126e+08 | G12: 0.12484395 | H12: 0 | I12: =0.000001*H12*F12*($L$2)*($O$2) -> 0 | J12: =G12*F12*($L$2)*($O$2) -> 1007802.5 | K12: =(2.269+0.227)*J12/(80*85) -> 369.92279
A13: =2024-B13 -> 31 | B13: 1993 | C13: 2159413 | D13: 15694 | E13: =15917*A13^(-0.133) -> 10081.151 | F13: =D13*E13 -> 1.5821358e+08 | G13: 0.11709602 | H13: 0 | I13: =0.000001*H13*F13*($L$2)*($O$2) -> 0 | J13: =G13*F13*($L$2)*($O$2) -> 1435779 | K13: =(2.269+0.227)*J13/(80*85) -> 527.01534
A14: =2024-B14 -> 30 | B14: 1994 | C14: 2159413 | D14: 20900 | E14: =15917*A14^(-0.133) -> 10125.211 | F14: =D14*E14 -> 2.1161691e+08 | G14: 0.13262599 | H14: 0 | I14: =0.000001*H14*F14*($L$2)*($O$2) -> 0 | J14: =G14*F14*($L$2)*($O$2) -> 2175107.5 | K14: =(2.269+0.227)*J14/(80*85) -> 798.39241
... A43: =2024-B43 -> 1 | B43: 2023 | C43: 2159413 | D43: 116878 | E43: =15917*A43^(-0.133) -> 15917 | F43: =D43*E43 -> 1860347126 | G43: 0.092844584 | H43: 0 | I43: =0.000001*H43*F43*($L$2)*($O$2) -> 0 | J43: =G43*F43*($L$2)*($O$2) -> 13386044 | K43: =(2.269+0.227)*J43/(80*85) -> 4913.4657
A44: =2024-B44 -> 0 | B44: 2024 | C44: 2159413 | D44: 103454 | E44: 16000 | F44: =D44*E44 -> 1655264000 | G44: 0.096498298 | H44: 0 | I44: =0.000001*H44*F44*($L$2)*($O$2) -> 0 | J44: =G44*F44*($L$2)*($O$2) -> 12379087 | K44: =(2.269+0.227)*J44/(80*85) -> 4543.8532
I45: =SUM(I2:I44) -> 0 | J45: =SUM(J2:J44) -> 2.3115569e+08 | K45: =18*$M$2*(1-$L$2)*$N$2*J45*0.000001 -> 96894.686

Sheet ONIBUS-FROTA
B1: TOTAL | C1: FROTA OPERANTE | D1: SABADO | E1: DOMINGO | F1: LINHAS | G1: km médio por linha | H1: km médio mensal por ônibus | I1: km médio anual por ônibus | J1: km anual da frota | K1: Emissões de CO2 (ton) | L1: Consumo de Diesel (litros) | M1: ANO | N1: Fase Proconve
B2: 2967 | C2: 2780 | D2: 1780 | E2: 1186 | F2: 939 | G2: 40 | H2: 7416.02 | I2: =H2*12 -> 88992.24 | J2: =H2*C2 -> 20616536 | K2: =0.000001*$J$2*(FE!J3/FE!L3)*FE!N3*(1/FE!M3) -> 27.190749 | L2: =$J$2/FE!M3 -> 9817397.9 | M2: 2021 | N2: P7
K3: =0.000001*$J$2*(FE!J4/FE!L4)*FE!N4*(1/FE!M4) -> 26.987737 | L3: =$J$2/FE!M4 -> 9817397.9 | M3: 2022 | N3: P7/P8
K4: =0.000001*$J$2*(FE!J5/FE!L5)*FE!N5*(1/FE!M5) -> 25.683625 | L4: =$J$2/FE!M5 -> 9817397.9 | M4: 2023 | N4: P7/P8
K5: =0.000001*$J$2*(FE!J6/FE!L6)*FE!N6*(1/FE!M6) -> 25.733302 | L5: =$J$2/FE!M6 -> 9817397.9 | M5: 2024 | N5: P8

Sheet FE
A1: Ano | B1: Fase Proconve | C1: Categoria | E1: CO (g/kWh) | F1: HC (g/kWh) | G1: CH4 (g/kWh) | H1: NOx (g/kWh) | I1: MP (g/kWh) | J1: CO2 (g/kWh) | K1: NH3 (ppm) | L1: Consumo (1) (gdiesel/kWh) | M1: Autonomia | N1: Densidade
M2: (km/l) | N2: (gdiesel/l)
A3: 2021 | B3: P7 | C3: Onibus | D3: Urbanos | E3: 0.25957835 | F3: 0.018230774 | G3: nd | H3: 1.4778712 | I3: 0.013564222 | J3: 722.69786 | K3: 8.5381 | L3: 220.4899 | M3: 2.1 | N3: 0.845
A4: 2022 | B4: P7/P8 | C4: Onibus | D4: Urbanos | E4: 0.23898732 | F4: 0.023854509 | G4: nd | H4: 1.4196676 | I4: 0.015125934 | J4: 715.88969 | K4: 7.9236 | L4: 220.05576 | M4: 2.1 | N4: 0.845
A5: 2023 | B5: P7/P8 | C5: Onibus | D5: Urbanos | E5: 0.054415897 | F5: 0.023813529 | G5: 0.005 | H5: 0.13357685 | I5: 0.0029067709 | J5: 679.14893 | K5: 1.7803 | L5: 219.36221 | M5: 2.1 | N5: 0.845
A6: 2024 | B6: P8 | C6: Onibus | D6: Urbanos | E6: 0.039138844 | F6: 0.019010459 | G6: 0 | H6: 0.11070244 | I6: 0.0026171246 | J6: 692.07348 | K6: 0.8015 | L6: 223.10525 | M6: 2.1 | N6: 0.845

Sheet Venda de Combustíveis
C1: Gasolina C | D1: Etanol | E1: %
A2: 1990 | B2: NOV | C2: 24659.988 | D2: 20544.692 | E2: =D2/F2 -> 0.45448153 | F2: =SUM(C2:D2) -> 45204.68
A3: 1990 | B3: OUT | C3: 14358.166 | D3: 15368.064 | E3: =D3/F3 -> 0.51698665 | F3: =SUM(C3:D3) -> 29726.23
A4: 1990 | B4: SET | C4: 16818.771 | D4: 34415.728 | E4: =D4/F4 -> 0.67172957 | F4: =SUM(C4:D4) -> 51234.499
A5: 1990 | B5: JUL | C5: 18523.778 | D5: 21251.781 | E5: =D5/F5 -> 0.53429245 | F5: =SUM(C5:D5) -> 39775.559
A6: 1990 | B6: JUN | C6: 17737.725 | D6: 22946.532 | E6: =D6/F6 -> 0.56401502 | F6: =SUM(C6:D6) -> 40684.257
A7: 1990 | B7: MAI | C7: 18077.133 | D7: 22239.779 | E7: =D7/F7 -> 0.55162407 | F7: =SUM(C7:D7) -> 40316.912
A8: 1990 | B8: ABR | C8: 28211.696 | D8: 22557.118 | E8: =D8/F8 -> 0.44431052 | F8: =SUM(C8:D8) -> 50768.814
A9: 1990 | B9: MAR | C9: 17486.292 | D9: 33320.016 | E9: =D9/F9 -> 0.65582439 | F9: =SUM(C9:D9) -> 50806.308
A10: 1990 | B10: FEV | C10: 18013.114 | D10: 24120.197 | E10: =D10/F10 -> 0.57247333 | F10: =SUM(C10:D10) -> 42133.311
A11: 1990 | B11: JAN | C11: 20586.827 | D11: 17858.774 | E11: =D11/F11 -> 0.46452061 | F11: =SUM(C11:D11) -> 38445.601
A12: 1990 | B12: AGO | C12: 17704.665 | D12: 23810.679 | E12: =D12/F12 -> 0.57353924 | F12: =SUM(C12:D12) -> 41515.344
A13: 1990 | B13: DEZ | C13: 17853.313 | D13: 22427.601 | E13: =D13/F13 -> 0.55677984 | F13: =SUM(C13:D13) -> 40280.914
... A429: 2025 | B429: JUL | C429: 82252.5 | D429: 22975.4 | E429: =D429/F429 -> 0.21833943 | F429: =SUM(C429:D429) -> 105227.9
